,Regresión_Logística,Random_Forest
account_Charges_Monthly,8.51680188488914,0.13209640488985377
internet_InternetService_Fiber optic,4.055103823115267,0.050383261271774754
customer_tenure,2.242735359737193,0.15476524042936457
account_Charges_Total,1.3524763480160817,0.17150532850765876
phone_MultipleLines_Yes,0.9252417117145637,0.022500227488766057
